父件预入仓库	父件商品	生产数量	成品率%	子件预出仓库	子件商品	生产数量	子件版本号	计量单位	需用数量	固定损耗数量
装配成品仓	C673装饰件总成-慕夜黑	1	100.0000%	外购半成品仓	C673侧围装饰件-慕夜黑	1		PC	1	0
装配成品仓	C673装饰件总成-慕夜黑	1	100.0000%	外购半成品仓	C673开关装饰件	1		PC	1	0
装配成品仓	C673装饰件总成-热浪橙	1	100.0000%	外购半成品仓	C673开关装饰件	1		PC	1	0
装配成品仓	C673装饰件总成-热浪橙	1	100.0000%	外购半成品仓	C673侧围装饰件-热浪橙	1		PC	1	0
装配成品仓	C236 装饰件总成-流沙黄	1	100.0000%	外购半成品仓	C236 电镀装饰件	1		PC	1	0
装配成品仓	C236 装饰件总成-流沙黄	1	100.0000%	外购半成品仓	C236 喷漆装饰件	1		PC	1	0
装配成品仓	C236 装饰件总成-流沙黄	1	100.0000%	外购半成品仓	C236 侧围装饰件-流沙黄	1		PC	1	0
装配成品仓	C385装饰件总成-慕夜黑	1	100.0000%	外购半成品仓	C673开关装饰件	1		PC	1	0
装配成品仓	C385装饰件总成-慕夜黑	1	100.0000%	外购半成品仓	C385侧围装饰件-慕夜黑	1		PC	1	0
装配成品仓	C673装饰件总成-厘米色	1	100.0000%	外购半成品仓	C673开关装饰件	1		PC	1	0
装配成品仓	C673装饰件总成-厘米色	1	100.0000%	外购半成品仓	C673侧围装饰件-厘米色	1		PC	1	0
装配成品仓	C236 装饰件总成-淡云灰	1	100.0000%	外购半成品仓	C236 电镀装饰件	1		PC	1	0
装配成品仓	C236 装饰件总成-淡云灰	1	100.0000%	外购半成品仓	C236 喷漆装饰件	1		PC	1	0
装配成品仓	C236 装饰件总成-淡云灰	1	100.0000%	外购半成品仓	C236 侧围装饰件-淡云灰	1		PC	1	0
装配成品仓	C236 装饰件总成-薄雾绿	1	100.0000%	外购半成品仓	C236 电镀装饰件	1		PC	1	0
装配成品仓	C236 装饰件总成-薄雾绿	1	100.0000%	外购半成品仓	C236 喷漆装饰件	1		PC	1	0
装配成品仓	C236 装饰件总成-薄雾绿	1	100.0000%	外购半成品仓	C236 侧围装饰件-薄雾绿	1		PC	1	0
装配成品仓	C236 装饰件总成-赤缇红	1	100.0000%	外购半成品仓	C236 电镀装饰件	1		PC	1	0
装配成品仓	C236 装饰件总成-赤缇红	1	100.0000%	外购半成品仓	C236 喷漆装饰件	1		PC	1	0
装配成品仓	C236 装饰件总成-赤缇红	1	100.0000%	外购半成品仓	C236 侧围装饰件-赤缇红	1		PC	1	0
装配成品仓	C236 装饰件总成-烟灰色	1	100.0000%	外购半成品仓	C236 电镀装饰件	1		PC	1	0
装配成品仓	C236 装饰件总成-烟灰色	1	100.0000%	外购半成品仓	C236 喷漆装饰件	1		PC	1	0
装配成品仓	C236 装饰件总成-烟灰色	1	100.0000%	外购半成品仓	C236 侧围装饰件-烟灰色	1		PC	1	0
装配成品仓	HXHA装饰件总成-深黑	1	100.0000%	外购半成品仓	HXHA PVD装饰件-左	1		PC	1	0
装配成品仓	HXHA装饰件总成-深黑	1	100.0000%	外购半成品仓	HXHA PVD装饰件-右	1		PC	1	0
装配成品仓	HXHA装饰件总成-深黑	1	100.0000%	外购半成品仓	HXHA喷漆件装饰件-深黑	1		PC	1	0
装配成品仓	HXHA装饰件总成-染木红	1	100.0000%	外购半成品仓	HXHA PVD装饰件-左	1		PC	1	0
装配成品仓	HXHA装饰件总成-染木红	1	100.0000%	外购半成品仓	HXHA PVD装饰件-右	1		PC	1	0
装配成品仓	HXHA装饰件总成-染木红	1	100.0000%	外购半成品仓	HXHA喷漆件装饰件-染木红	1		PC	1	0
装配成品仓	UKEA装饰件总成	1	100.0000%	外购半成品仓	UKEA PVD装饰件-右	1		PC	1	0
装配成品仓	UKEA装饰件总成	1	100.0000%	外购半成品仓	UKEA PVD装饰件-左	1		PC	1	0
装配成品仓	UKEA装饰件总成	1	100.0000%	外购半成品仓	UKEA INS装饰件	1		PC	1	0
装配成品仓	EKEAA装饰件总成	1	100.0000%	外购半成品仓	EKEAA 夜影黑PVD装饰件-右	1		PC	1	0
装配成品仓	EKEAA装饰件总成	1	100.0000%	外购半成品仓	EKEAA 夜影黑PVD装饰件-左	1		PC	1	0
装配成品仓	EKEAA装饰件总成	1	100.0000%	外购半成品仓	EKEAA 喷漆件-哑光云迹灰	1		PC	1	0
装配成品仓	SC3E 电镀喷漆装饰件总成-中文	1	100.0000%	外购半成品仓	SC3E 喷漆装饰件 A	1		PC	1	0
装配成品仓	SC3E 电镀喷漆装饰件总成-中文	1	100.0000%	外购半成品仓	SC3E 喷漆装饰件B-中文	1		PC	1	0
装配成品仓	SC3E 电镀喷漆装饰件总成-中文	1	100.0000%	外购半成品仓	SC3E 喷漆装饰件C	1		PC	1	0
装配成品仓	SC3E 电镀喷漆装饰件总成-中文	1	100.0000%	外购半成品仓	SC3E 电镀装饰件	1		PC	1	0
装配成品仓	SC3E 电镀喷漆装饰件总成-英文	1	100.0000%	外购半成品仓	SC3E 喷漆装饰件 A	1		PC	1	0
装配成品仓	SC3E 电镀喷漆装饰件总成-英文	1	100.0000%	外购半成品仓	SC3E 喷漆装饰件B-英文	1		PC	1	0
装配成品仓	SC3E 电镀喷漆装饰件总成-英文	1	100.0000%	外购半成品仓	SC3E 喷漆装饰件C	1		PC	1	0
装配成品仓	SC3E 电镀喷漆装饰件总成-英文	1	100.0000%	外购半成品仓	SC3E 电镀装饰件	1		PC	1	0
装配成品仓	SA5H 电镀喷漆装饰件总成	1	100.0000%	外购半成品仓	SA5H 喷漆装饰件 A	1		PC	1	0
装配成品仓	SA5H 电镀喷漆装饰件总成	1	100.0000%	外购半成品仓	SA5H 喷漆装饰件B	1		PC	1	0
装配成品仓	SA5H 电镀喷漆装饰件总成	1	100.0000%	外购半成品仓	SA5H 喷漆装饰件C	1		PC	1	0
装配成品仓	SA5H 电镀喷漆装饰件总成	1	100.0000%	外购半成品仓	SC3E 电镀装饰件	1		PC	1	0
自制成品仓	SC3E 喷漆装饰件B-素材	1	100.0000%	原材料仓	PC C2700	1		千克	0.066	0
自制成品仓	SC3E 喷漆装饰件B-素材-备模	1	100.0000%	原材料仓	PC C2700	1		千克	0.066	0
装配成品仓	C673 EU 装饰件总成-黑	1	100.0000%	外购半成品仓	C673 EU 开关装饰件-3价	1		PC	1	0
装配成品仓	C673 EU 装饰件总成-黑	1	100.0000%	外购半成品仓	C673侧围装饰件-慕夜黑	1		PC	1	0
装配成品仓	C673 EU 装饰件总成-橙	1	100.0000%	外购半成品仓	C673 EU 开关装饰件-3价	1		PC	1	0
装配成品仓	C673 EU 装饰件总成-橙	1	100.0000%	外购半成品仓	C673侧围装饰件-热浪橙	1		PC	1	0
装配成品仓	C673装饰件总成-量子绿	1	100.0000%	外购半成品仓	C673开关装饰件	1		PC	1	0
装配成品仓	C673装饰件总成-量子绿	1	100.0000%	外购半成品仓	C673侧围装饰件-量子绿	1		PC	1	0
装配成品仓	C673装饰件总成-黑铬	1	100.0000%	外购半成品仓	C385开关装饰件-黑铬	1		PC	1	0
装配成品仓	C673装饰件总成-黑铬	1	100.0000%	外购半成品仓	C673侧围装饰件-慕夜黑	1		PC	1	0
装配成品仓	C236装饰件总成-黑铬	1	100.0000%	外购半成品仓	C236电镀装饰件-黑铬	1		PC	1	0
装配成品仓	C236装饰件总成-黑铬	1	100.0000%	外购半成品仓	C236 喷漆装饰件	1		PC	1	0
装配成品仓	C236装饰件总成-黑铬	1	100.0000%	外购半成品仓	C236侧围装饰件-慕夜黑	1		PC	1	0
装配成品仓	C236装饰件总成-哑光银	1	100.0000%	外购半成品仓	C236 电镀装饰件	1		PC	1	0
装配成品仓	C236装饰件总成-哑光银	1	100.0000%	外购半成品仓	C236 喷漆装饰件	1		PC	1	0
装配成品仓	C236装饰件总成-哑光银	1	100.0000%	外购半成品仓	C236侧围装饰件-慕夜黑	1		PC	1	0
装配成品仓	C385装饰件总成-慕夜黑-黑铬	1	100.0000%	外购半成品仓	C385开关装饰件-黑铬	1		PC	1	0
装配成品仓	C385装饰件总成-慕夜黑-黑铬	1	100.0000%	外购半成品仓	C385侧围装饰件-慕夜黑	1		PC	1	0
装配成品仓	UKEA装饰件总成-电镀	1	100.0000%	外购半成品仓	UKEA 电镀装饰件-右	1		PC	1	0
装配成品仓	UKEA装饰件总成-电镀	1	100.0000%	外购半成品仓	UKEA 电镀装饰件-左	1		PC	1	0
装配成品仓	UKEA装饰件总成-电镀	1	100.0000%	外购半成品仓	UKEA INS装饰件	1		PC	1	0
自制成品仓	SC3E 喷漆装饰件A-素材-备模	1	100.0000%	原材料仓	PC+ABS.Bayblend T65 XF	1		千克	0.054	0
装配成品仓	SK2装饰件总成-染木红	1	100.0000%	外购半成品仓	SK2湍流灰装饰件-右	1		PC	1	0
装配成品仓	SK2装饰件总成-染木红	1	100.0000%	外购半成品仓	SK2湍流灰装饰件-左	1		PC	1	0
装配成品仓	SK2装饰件总成-染木红	1	100.0000%	外购半成品仓	HXHA喷漆件装饰件-染木红	1		PC	1	0
装配成品仓	SK2装饰件总成-湍流灰	1	100.0000%	外购半成品仓	UKEA 喷漆装饰件-右	1		PC	1	0
装配成品仓	SK2装饰件总成-湍流灰	1	100.0000%	外购半成品仓	UKEA 喷漆装饰件-左	1		PC	1	0
装配成品仓	SK2装饰件总成-湍流灰	1	100.0000%	外购半成品仓	SK2暮色蓝装饰件	1		PC	1	0
装配成品仓	SK2装饰件总成-哑光钛银	1	100.0000%	外购半成品仓	SK2哑光钛银装饰件-右	1		PC	1	0
装配成品仓	SK2装饰件总成-哑光钛银	1	100.0000%	外购半成品仓	SK2哑光钛银装饰件-左	1		PC	1	0
装配成品仓	SK2装饰件总成-哑光钛银	1	100.0000%	外购半成品仓	SK2暮色蓝装饰件	1		PC	1	0
自制成品仓	Z177-877双色传动轴	1	100.0000%	半成品仓	Z177-877双色传动轴骨架	1		PC	1	0
自制成品仓	Z177-877双色传动轴	1	100.0000%	原材料线边仓	LR 3070/60A	1		克	0.133	0
自制成品仓	Z177-877双色传动轴	1	100.0000%	原材料线边仓	LR 3070/60B	1		克	0.133	0
自制成品仓	Z177-877双色传动轴	1	100.0000%	原材料线边仓	PM.JS292764.white.ColorSaint	1		克	0.014	0
自制成品仓	Z177-P27P59双色传动轴	1	100.0000%	半成品仓	Z177-P27P59双色传动轴骨架	1		PC	1	0
自制成品仓	Z177-P27P59双色传动轴	1	100.0000%	原材料线边仓	LR 3070/60A	1		克	0.066	0
自制成品仓	Z177-P27P59双色传动轴	1	100.0000%	原材料线边仓	LR 3070/60B	1		克	0.066	0
自制成品仓	Z177-P27P59双色传动轴	1	100.0000%	原材料线边仓	PM.JS292764.white.ColorSaint	1		克	0.007	0
自制成品仓	Z177-后注塑传动轴	1	100.0000%	半成品仓	Z177-后注塑传动轴骨架	1		PC	1	0
自制成品仓	Z177-后注塑传动轴	1	100.0000%	原材料线边仓	LR 3070/60A	1		克	0.118	0
自制成品仓	Z177-后注塑传动轴	1	100.0000%	原材料线边仓	LR 3070/60B	1		克	0.118	0
自制成品仓	Z177-后注塑传动轴	1	100.0000%	原材料线边仓	PM.JS292764.white.ColorSaint	1		克	0.0125	0
自制成品仓	EVA2中主叶片连杆2	1	100.0000%	半成品仓	EVA2中主叶片连杆2骨架	1		PC	1	0
自制成品仓	EVA2中主叶片连杆2	1	100.0000%	原材料线边仓	LR 3070/60A	1		克	0.2	0
自制成品仓	EVA2中主叶片连杆2	1	100.0000%	原材料线边仓	LR 3070/60B	1		克	0.2	0
自制成品仓	EVA2_侧双色传动轴	1	100.0000%	半成品仓	EVA2_侧双色传动轴骨架	1		PC	1	0
自制成品仓	EVA2_侧双色传动轴	1	100.0000%	原材料线边仓	LR 3070/60A	1		克	0.76	0
自制成品仓	EVA2_侧双色传动轴	1	100.0000%	原材料线边仓	LR 3070/60B	1		克	0.76	0
自制成品仓	D2UC2 传动轴_O	1	100.0000%	外购半成品仓	D2UC2 传动轴骨架_O	1		PC	1	0
自制成品仓	D2UC2 传动轴_O	1	100.0000%	原材料线边仓	LR 3070/60A	1		克	0.152	0
自制成品仓	D2UC2 传动轴_O	1	100.0000%	原材料线边仓	LR 3070/60B	1		克	0.152	0
自制成品仓	D2UC2 传动轴_O	1	100.0000%	原材料线边仓	PM.JS292764.white.ColorSaint	1		克	0.016	0
自制成品仓	KX_侧左主叶片连杆	1	100.0000%	半成品仓	KX_侧左主叶片连杆骨架	1		PC	1	0
自制成品仓	KX_侧左主叶片连杆	1	100.0000%	原材料线边仓	LR 3070/60A	1		克	0.042	0
自制成品仓	KX_侧左主叶片连杆	1	100.0000%	原材料线边仓	LR 3070/60B	1		克	0.042	0
自制成品仓	KX_侧左主叶片连杆	1	100.0000%	原材料线边仓	PM.JS292764.white.ColorSaint	1		克	0.0045	0
自制成品仓	KX_中主叶片连杆_CL	1	100.0000%	半成品仓	KX_中主叶片连杆_CL骨架	1		PC	1	0
自制成品仓	KX_中主叶片连杆_CL	1	100.0000%	原材料线边仓	LR 3070/60A	1		克	0.085	0
自制成品仓	KX_中主叶片连杆_CL	1	100.0000%	原材料线边仓	LR 3070/60B	1		克	0.085	0
自制成品仓	KX_中主叶片连杆_CL	1	100.0000%	原材料线边仓	PM.JS292764.white.ColorSaint	1		克	0.009	0
自制成品仓	KX_中主叶片连杆_CR	1	100.0000%	半成品仓	KX_中主叶片连杆_CR骨架	1		PC	1	0
自制成品仓	KX_中主叶片连杆_CR	1	100.0000%	原材料线边仓	LR 3070/60A	1		克	0.071	0
自制成品仓	KX_中主叶片连杆_CR	1	100.0000%	原材料线边仓	LR 3070/60B	1		克	0.071	0
自制成品仓	KX_中主叶片连杆_CR	1	100.0000%	原材料线边仓	PM.JS292764.white.ColorSaint	1		克	0.0075	0
自制成品仓	AU401_拨钮阻尼底座_IP	1	100.0000%	外购半成品仓	AU401_拨钮阻尼底座骨架_IP	1		PC	1	0
自制成品仓	AU401_拨钮阻尼底座_IP	1	100.0000%	原材料线边仓	LR 3070/60A	1		克	0.05	0
自制成品仓	AU401_拨钮阻尼底座_IP	1	100.0000%	原材料线边仓	LR 3070/60B	1		克	0.05	0
自制成品仓	AU401_拨钮阻尼底座_R	1	100.0000%	外购半成品仓	AU401_拨钮阻尼底座骨架_R	1		PC	1	0
自制成品仓	AU401_拨钮阻尼底座_R	1	100.0000%	原材料线边仓	LR 3070/60A	1		克	0.05	0
自制成品仓	AU401_拨钮阻尼底座_R	1	100.0000%	原材料线边仓	LR 3070/60B	1		克	0.05	0
自制成品仓	MMA_双色传动轴	1	100.0000%	外购半成品仓	MMA_双色传动轴骨架	1		PC	1	0
自制成品仓	MMA_双色传动轴	1	100.0000%	原材料线边仓	LR 3070/60A	1		克	0.146	0
自制成品仓	MMA_双色传动轴	1	100.0000%	原材料线边仓	LR 3070/60B	1		克	0.146	0
自制成品仓	KM_侧左主叶片连杆	1	100.0000%	外购半成品仓	KM_侧左主叶片连杆骨架	1		PC	1	0
自制成品仓	KM_侧左主叶片连杆	1	100.0000%	原材料线边仓	LR 3070/60A	1		克	0.042	0
自制成品仓	KM_侧左主叶片连杆	1	100.0000%	原材料线边仓	LR 3070/60B	1		克	0.042	0
自制成品仓	KM_侧右主叶片连杆_OR	1	100.0000%	外购半成品仓	KM_侧右主叶片连杆骨架	1		PC	1	0
自制成品仓	KM_侧右主叶片连杆_OR	1	100.0000%	原材料线边仓	LR 3070/60A	1		克	0.042	0
自制成品仓	KM_侧右主叶片连杆_OR	1	100.0000%	原材料线边仓	LR 3070/60B	1		克	0.042	0
自制成品仓	KM_中主叶片连杆_CL	1	100.0000%	外购半成品仓	KM_中左主叶片连杆骨架	1		PC	1	0
自制成品仓	KM_中主叶片连杆_CL	1	100.0000%	原材料线边仓	LR 3070/60A	1		克	0.042	0
自制成品仓	KM_中主叶片连杆_CL	1	100.0000%	原材料线边仓	LR 3070/60B	1		克	0.042	0
自制成品仓	KM_中主叶片连杆_CR	1	100.0000%	外购半成品仓	KM_中右主叶片连杆骨架	1		PC	1	0
自制成品仓	KM_中主叶片连杆_CR	1	100.0000%	原材料线边仓	LR 3070/60A	1		克	0.042	0
自制成品仓	KM_中主叶片连杆_CR	1	100.0000%	原材料线边仓	LR 3070/60B	1		克	0.042	0
自制成品仓	KX_侧右主叶片连杆_OR	1	100.0000%	半成品仓	KX_侧右主叶片连杆_OR骨架	1		PC	1	0
自制成品仓	KX_侧右主叶片连杆_OR	1	100.0000%	原材料线边仓	LR 3070/60A	1		克	0.042	0
自制成品仓	KX_侧右主叶片连杆_OR	1	100.0000%	原材料线边仓	LR 3070/60B	1		克	0.042	0
自制成品仓	KX_侧右主叶片连杆_OR	1	100.0000%	原材料线边仓	PM.JS292764.white.ColorSaint	1		克	0.0045	0
自制成品仓	EVA2_侧旋转支架	1	100.0000%	半成品仓	EVA2_侧旋转支架骨架	1		PC	1	0
自制成品仓	EVA2_侧旋转支架	1	100.0000%	原材料线边仓	LR 3070/60A	1		克	0.09	0
自制成品仓	EVA2_侧旋转支架	1	100.0000%	原材料线边仓	LR 3070/60B	1		克	0.09	0
装配成品仓	UKEA 喷漆装饰件总成	1	100.0000%	外购半成品仓	SK2湍流灰装饰件-左	1		PC	1	0
装配成品仓	UKEA 喷漆装饰件总成	1	100.0000%	外购半成品仓	SK2湍流灰装饰件-右	1		PC	1	0
装配成品仓	UKEA 喷漆装饰件总成	1	100.0000%	外购半成品仓	UKEA INS装饰件	1		PC	1	0
装配成品仓	C236 喷漆装饰件总成-哑光银	1	100.0000%	外购半成品仓	C236喷漆装饰件-哑光银	1		PC	1	0
装配成品仓	C236 喷漆装饰件总成-哑光银	1	100.0000%	外购半成品仓	C236 喷漆装饰件	1		PC	1	0
装配成品仓	C236 喷漆装饰件总成-哑光银	1	100.0000%	外购半成品仓	C236侧围装饰件-慕夜黑	1		PC	1	0
自制半成品仓	480B右固定格栅装饰条-HR	1	100.0000%	原材料仓	ABS.AG23AT	1		千克	0.0119	0
装配成品仓	V206侧底座_894组件	1	100.0000%	自制半成品仓	V206 侧转向手柄底座_894	1	V1.0	PC	1	0
装配成品仓	V206侧底座_894组件	1	100.0000%	外购半成品仓	V206 减震垫	1		PC	1	0
装配成品仓	V206侧底座_894组件	1	100.0000%	外购半成品仓	V206 旋转支架2	1		PC	1	0
装配成品仓	V206后底座_894组件	1	100.0000%	外购半成品仓	V206 减震垫	1		PC	1	0
装配成品仓	V206后底座_894组件	1	100.0000%	外购半成品仓	V206 旋转支架2	1		PC	1	0
装配成品仓	V206后底座_894组件	1	100.0000%	自制半成品仓	V206 后转向手柄底座_894	1	V1.0	PC	1	0
自制成品仓	673D中面框素材	1	100.0000%	原材料仓	PC+ABS-688WLV	1		千克	0.1126	0
自制成品仓	673D左喷漆面板素材	1	100.0000%	原材料仓	Beypond PC2407 GY560	1		千克	0.0264	0
自制成品仓	XC90_后左壳体_RL-新	1	100.0000%	原材料仓	CA1580 BK08010	1		千克	0.0432	0
自制成品仓	XC90_后右壳体_RR-新	1	100.0000%	原材料仓	CA1580 BK08010	1		千克	0.047	0
自制成品仓	D13 喷漆开关装饰件-素材	1	100.0000%	原材料仓	PC+ABS W2270	1		千克	0.0635	0
装配成品仓	V206侧底座_894组件-新	1	100.0000%	自制半成品仓	V206 侧转向手柄底座_894-新	1	V1.0	PC	1	0
装配成品仓	V206侧底座_894组件-新	1	100.0000%	外购半成品仓	V206 减震垫	1		PC	1	0
装配成品仓	V206侧底座_894组件-新	1	100.0000%	外购半成品仓	V206 旋转支架2	1		PC	1	0
装配成品仓	V206后底座_894组件-新	1	100.0000%	自制半成品仓	V206 后转向手柄底座_894-新	1	V1.0	PC	1	0
装配成品仓	V206后底座_894组件-新	1	100.0000%	外购半成品仓	V206 减震垫	1		PC	1	0
装配成品仓	V206后底座_894组件-新	1	100.0000%	外购半成品仓	V206 旋转支架2	1		PC	1	0
自制成品仓	G28杯托电镀饰环-素材	1	100.0000%	原材料仓	PC+ABS CB3110C N01512A	1		千克	0.0336	0
自制半成品仓	C121_MCM_主叶片1_CL	1	100.0000%	原材料仓	PA6-GF50.BG10.600R.NJJL	1		千克	0.0167	0
自制半成品仓	C121_MCM_主叶片1_CR	1	100.0000%	原材料仓	PA6-GF50.BG10.600R.NJJL	1		千克	0.0163	0
自制半成品仓	C121_MCM_主叶片2_CL	1	100.0000%	原材料仓	PA6-GF50.BG10.600R.NJJL	1		千克	0.0234	0
自制成品仓	C121_MCM_主叶片2_CR	1	100.0000%	原材料仓	PA6-GF50.BG10.600R.NJJL	1		千克	0.024	0
自制成品仓	C121_MCM_主叶片支架1_CL	1	100.0000%	原材料仓	POM.Duracon M90LV.BK.POLY	1		千克	0.0058	0
自制成品仓	C121_MCM_主叶片支架_C	1	100.0000%	原材料仓	POM.Duracon M90LV.BK.POLY	1		千克	0.0094	0
自制成品仓	C121_MCM_主叶片支架2_CR	1	100.0000%	原材料仓	POM.Duracon M90LV.BK.POLY	1		千克	0.0058	0
自制成品仓	C121_MCM_主叶片连杆_C	1	100.0000%	原材料仓	POM.Duracon M90LV.BK.POLY	1		千克	0.0004	0
自制半成品仓	C121_MCM_次叶片1_CR	1	100.0000%	原材料仓	PP-T20.API-2208 HF.KINGFA	1		千克	0.004	0
自制半成品仓	C121_MCM_次叶片2_CR	1	100.0000%	原材料仓	PP-T20.API-2208 HF.KINGFA	1		千克	0.004	0
自制半成品仓	C121_MCM_次叶片3_CR	1	100.0000%	原材料仓	PP-T20.API-2208 HF.KINGFA	1		千克	0.0042	0
自制半成品仓	C121_MCM_次叶片4_CR	1	100.0000%	原材料仓	PP-T20.API-2208 HF.KINGFA	1		千克	0.0035	0
自制半成品仓	C121_MCM_次叶片5_CR	1	100.0000%	原材料仓	PP-T20.API-2208 HF.KINGFA	1		千克	0.0034	0
自制半成品仓	C121_MCM_次叶片1_CL	1	100.0000%	原材料仓	PP-T20.API-2208 HF.KINGFA	1		千克	0.0044	0
自制半成品仓	C121_MCM_次叶片2_CL	1	100.0000%	原材料仓	PP-T20.API-2208 HF.KINGFA	1		千克	0.0045	0
自制半成品仓	C121_MCM_次叶片3_CL	1	100.0000%	原材料仓	PP-T20.API-2208 HF.KINGFA	1		千克	0.0045	0
自制半成品仓	C121_MCM_次叶片4_CL	1	100.0000%	原材料仓	PP-T20.API-2208 HF.KINGFA	1		千克	0.0038	0
自制半成品仓	C121_MCM_次叶片5_CL	1	100.0000%	原材料仓	PP-T20.API-2208 HF.KINGFA	1		千克	0.0038	0
自制半成品仓	C121_MCM_次叶片6_CL	1	100.0000%	原材料仓	PP-T20.API-2208 HF.KINGFA	1		千克	0.0036	0
自制半成品仓	C121_MCM_次叶片支架1_CR	1	100.0000%	原材料仓	POM.Duracon M90LV.BK.POLY	1		千克	0.0071	0
自制半成品仓	C121_MCM_次叶片支架2_CR	1	100.0000%	原材料仓	POM.Duracon M90LV.BK.POLY	1		千克	0.0069	0
自制半成品仓	C121_MCM_次叶片支架1_CL	1	100.0000%	原材料仓	POM.Duracon M90LV.BK.POLY	1		千克	0.0074	0
自制半成品仓	C121_MCM_次叶片支架2_CL	1	100.0000%	原材料仓	POM.Duracon M90LV.BK.POLY	1		千克	0.0073	0
自制半成品仓	C121_MCM_次叶片连杆_CR	1	100.0000%	原材料仓	POM.Duracon M90LV.BK.POLY	1		千克	0.0055	0
自制半成品仓	C121_MCM_次叶片连杆_CL	1	100.0000%	原材料仓	POM.Duracon M90LV.BK.POLY	1		千克	0.0063	0
自制半成品仓	C121_MCM_壳体_C	1	100.0000%	原材料仓	PP-T20.API-2012 T4.KP5649BK.KINGFA	1		千克	0.2225	0
自制半成品仓	C121_MCM_壳体_LH	1	100.0000%	原材料仓	PP-T20.API-2012 T4.KP5649BK.KINGFA	1		千克	0.0813	0
自制半成品仓	C121_MCM_次叶片1_LH	1	100.0000%	原材料仓	PP-T20.API-2208 HF.KINGFA	1		千克	0.0048	0
自制半成品仓	C121_MCM_次叶片2_LH	1	100.0000%	原材料仓	PP-T20.API-2208 HF.KINGFA	1		千克	0.0085	0
自制半成品仓	C121_MCM_次叶片3_LH	1	100.0000%	原材料仓	PP-T20.API-2208 HF.KINGFA	1		千克	0.0057	0
自制半成品仓	C121_MCM_次叶片4_LH	1	100.0000%	原材料仓	PP-T20.API-2208 HF.KINGFA	1		千克	0.004	0
自制半成品仓	C121_MCM_次叶片5_LH	1	100.0000%	原材料仓	PP-T20.API-2208 HF.KINGFA	1		千克	0.0026	0
自制半成品仓	C121_MCM_次叶片支架1_LH	1	100.0000%	原材料仓	POM.Duracon M90LV.BK.POLY	1		千克	0.0051	0
自制半成品仓	C121_MCM_次叶片支架2_LH	1	100.0000%	原材料仓	POM.Duracon M90LV.BK.POLY	1		千克	0.0055	0
自制半成品仓	C121_MCM_次叶片连杆_LH	1	100.0000%	原材料仓	POM.Duracon M90LV.BK.POLY	1		千克	0.0032	0
自制成品仓	C121_MCM_主叶片2_LH	1	100.0000%	原材料仓	PA6-GF50.BG10.600R.NJJL	1		千克	0.0112	0
自制成品仓	C121_MCM_主叶片支架1_LH	1	100.0000%	原材料仓	POM.Duracon M90LV.BK.POLY	1		千克	0.0041	0
自制成品仓	C121_MCM_主叶片支架2_LH	1	100.0000%	原材料仓	POM.Duracon M90LV.BK.POLY	1		千克	0.0033	0
自制成品仓	C121_MCM_主叶片连杆_LH	1	100.0000%	原材料仓	POM.Duracon M90LV.BK.POLY	1		千克	0.0011	0
自制成品仓	C121_MCM_主叶片1_LH	1	100.0000%	原材料仓	PA6-GF50.BG10.600R.NJJL	1		千克	0.0177	0
自制成品仓	C121_MCM_主叶片3_LH	1	100.0000%	原材料仓	PA6-GF50.BG10.600R.NJJL	1		千克	0.0152	0
自制半成品仓	C121_MCM_壳体_RH	1	100.0000%	原材料仓	PP-T20.API-2012 T4.KP5649BK.KINGFA	1		千克	0.0817	0
自制半成品仓	C121_MCM_次叶片1_RH	1	100.0000%	原材料仓	PP-T20.API-2208 HF.KINGFA	1		千克	0.0051	0
自制半成品仓	C121_MCM_次叶片2_RH	1	100.0000%	原材料仓	PP-T20.API-2208 HF.KINGFA	1		千克	0.0091	0
自制半成品仓	C121_MCM_次叶片3_RH	1	100.0000%	原材料仓	PP-T20.API-2208 HF.KINGFA	1		千克	0.0085	0
自制半成品仓	C121_MCM_次叶片4_RH	1	100.0000%	原材料仓	PP-T20.API-2208 HF.KINGFA	1		千克	0.0064	0
自制半成品仓	C121_MCM_次叶片5_RH	1	100.0000%	原材料仓	PP-T20.API-2208 HF.KINGFA	1		千克	0.0051	0
自制半成品仓	C121_MCM_次叶片支架1_RH	1	100.0000%	原材料仓	POM.Duracon M90LV.BK.POLY	1		千克	0.0052	0
自制半成品仓	C121_MCM_次叶片支架2_RH	1	100.0000%	原材料仓	POM.Duracon M90LV.BK.POLY	1		千克	0.0046	0
自制半成品仓	C121_MCM_次叶片连杆_RH	1	100.0000%	原材料仓	POM.Duracon M90LV.BK.POLY	1		千克	0.0027	0
自制成品仓	C121_MCM_主叶片2_RH	1	100.0000%	原材料仓	PA6-GF50.BG10.600R.NJJL	1		千克	0.0112	0
自制成品仓	C121_MCM_主叶片支架1_RH	1	100.0000%	原材料仓	POM.Duracon M90LV.BK.POLY	1		千克	0.0039	0
自制成品仓	C121_MCM_主叶片支架2_RH	1	100.0000%	原材料仓	POM.Duracon M90LV.BK.POLY	1		千克	0.0032	0
自制成品仓	C121_MCM_主叶片连杆_RH	1	100.0000%	原材料仓	POM.Duracon M90LV.BK.POLY	1		千克	0.0011	0
自制成品仓	C121_MCM_主叶片1_RH	1	100.0000%	原材料仓	PA6-GF50.BG10.600R.NJJL	1		千克	0.0176	0
自制成品仓	C121_MCM_主叶片3_RH	1	100.0000%	原材料仓	PA6-GF50.BG10.600R.NJJL	1		千克	0.0153	0
自制半成品仓	W01B 左侧出风口内圈亮条-SL	1	100.0000%	原材料仓	PC+ABS GF30 HAC5030G	1		千克	0.0076	0
自制半成品仓	W01B 右侧出风口内圈亮条-SR	1	100.0000%	原材料仓	PC+ABS GF30 HAC5030G	1		千克	0.0075	0
自制半成品仓	W01B 中左出风口内圈亮条-CL	1	100.0000%	原材料仓	PC+ABS GF30 HAC5030G	1		千克	0.0072	0
自制半成品仓	W01 中右出风口内圈亮条-CR	1	100.0000%	原材料仓	PC+ABS GF30 HAC5030G	1		千克	0.0072	0
自制半成品仓	WPC 垫子	1	100.0000%	原材料仓	TPE Kraiburg TC8GPZ	1		千克	0.0494	0
自制半成品仓	WPC 支架	1	100.0000%	原材料仓	PC+ABS Polykimi R85HI (Recycle)	1		千克	0.0586	0
自制成品仓	673D中面框素材-新	1	100.0000%	原材料仓	PC+ABS 65FS BLACK	1		千克	0.1126	0
自制成品仓	G18后中扶手 杯托电镀件-素材	1	100.0000%	原材料仓	PC+ABS CB3110C N01512A	1		千克	0.0372	0
外购成品	后面板喷漆	1	100.0000%	原材料仓	PC+ABS.Bayblend T85XF.BK(901510).Covestro	1		千克	0.2308	0
外购成品	上面板喷漆件	1	100.0000%	原材料仓	PC+ABS.Bayblend T85XF.BK(901510).Covestro	1		千克	0.2175	0
自制半成品仓	V206 侧转向手柄底座_894-新	1	100.0000%	原材料仓	PC+ABS 704	1		千克	0.0116	0
自制半成品仓	V206 后转向手柄底座_894-新	1	100.0000%	原材料仓	PC+ABS 704	1		千克	0.0089	0
装配成品仓	UG装饰件总成-绫灰银	1	100.0000%	外购半成品仓	SK2哑光钛银装饰件-右	1		PC	1	0
装配成品仓	UG装饰件总成-绫灰银	1	100.0000%	外购半成品仓	SK2哑光钛银装饰件-左	1		PC	1	0
装配成品仓	UG装饰件总成-绫灰银	1	100.0000%	外购半成品仓	UG喷漆件装饰件-绫灰银	1		PC	1	0
半成品仓	C121_MCM_次叶片1_CR-新	1	100.0000%	原材料仓	PP-TD20 HP220L BK	1		千克	0.004	0
半成品仓	C121_MCM_次叶片2_CR-新	1	100.0000%	原材料仓	PP-TD20 HP220L BK	1		千克	0.004	0
半成品仓	C121_MCM_次叶片3_CR-新	1	100.0000%	原材料仓	PP-TD20 HP220L BK	1		千克	0.0042	0
半成品仓	C121_MCM_次叶片4_CR-新	1	100.0000%	原材料仓	PP-TD20 HP220L BK	1		千克	0.0035	0
半成品仓	C121_MCM_次叶片5_CR-新	1	100.0000%	原材料仓	PP-TD20 HP220L BK	1		千克	0.0034	0
半成品仓	C121_MCM_次叶片1_CL-新	1	100.0000%	原材料仓	PP-TD20 HP220L BK	1		千克	0.0044	0
半成品仓	C121_MCM_次叶片2_CL-新	1	100.0000%	原材料仓	PP-TD20 HP220L BK	1		千克	0.0045	0
半成品仓	C121_MCM_次叶片3_CL-新	1	100.0000%	原材料仓	PP-TD20 HP220L BK	1		千克	0.0045	0
半成品仓	C121_MCM_次叶片4_CL-新	1	100.0000%	原材料仓	PP-TD20 HP220L BK	1		千克	0.0038	0
半成品仓	C121_MCM_次叶片5_CL-新	1	100.0000%	原材料仓	PP-TD20 HP220L BK	1		千克	0.0038	0
半成品仓	C121_MCM_次叶片6_CL-新	1	100.0000%	原材料仓	PP-TD20 HP220L BK	1		千克	0.0036	0
半成品仓	C121_MCM_次叶片1_LH-新	1	100.0000%	原材料仓	PP-TD20 HP220L BK	1		千克	0.0048	0
半成品仓	C121_MCM_次叶片2_LH-新	1	100.0000%	原材料仓	PP-TD20 HP220L BK	1		千克	0.0085	0
半成品仓	C121_MCM_次叶片3_LH-新	1	100.0000%	原材料仓	PP-TD20 HP220L BK	1		千克	0.0057	0
半成品仓	C121_MCM_次叶片4_LH-新	1	100.0000%	原材料仓	PP-TD20 HP220L BK	1		千克	0.004	0
半成品仓	C121_MCM_次叶片5_LH-新	1	100.0000%	原材料仓	PP-TD20 HP220L BK	1		千克	0.0026	0
半成品仓	C121_MCM_次叶片1_RH-新	1	100.0000%	原材料仓	PP-TD20 HP220L BK	1		千克	0.0051	0
半成品仓	C121_MCM_次叶片2_RH-新	1	100.0000%	原材料仓	PP-TD20 HP220L BK	1		千克	0.0091	0
半成品仓	C121_MCM_次叶片3_RH-新	1	100.0000%	原材料仓	PP-TD20 HP220L BK	1		千克	0.0085	0
半成品仓	C121_MCM_次叶片4_RH-新	1	100.0000%	原材料仓	PP-TD20 HP220L BK	1		千克	0.0064	0
半成品仓	C121_MCM_次叶片5_RH-新	1	100.0000%	原材料仓	PP-TD20 HP220L BK	1		千克	0.0051	0
装配成品仓	ST2 装饰件总成-芳堂红	1	100.0000%	外购半成品仓	ST2 装饰件-电镀	1		PC	1	0
装配成品仓	ST2 装饰件总成-芳堂红	1	100.0000%	外购半成品仓	ST2 左装饰件-喷漆-芳堂红	1		PC	1	0
装配成品仓	ST2 装饰件总成-芳堂红	1	100.0000%	外购半成品仓	ST2 右装饰件-喷漆-芳堂红	1		PC	1	0
装配成品仓	ST2 装饰件总成-芳堂红	1	100.0000%	外购半成品仓	ST2 6H外侧装饰件-电镀	1		PC	1	0
装配成品仓	ST2 装饰件总成-芳堂红	1	100.0000%	外购半成品仓	ST2 6H内侧装饰件-电镀	1		PC	1	0
装配成品仓	ST2 装饰件总成-汝窑米	1	100.0000%	外购半成品仓	ST2 左装饰件-喷漆-汝窑米	1		PC	1	0
装配成品仓	ST2 装饰件总成-汝窑米	1	100.0000%	外购半成品仓	ST2 右装饰件-喷漆-汝窑米	1		PC	1	0
装配成品仓	ST2 装饰件总成-汝窑米	1	100.0000%	外购半成品仓	ST2 6H外侧装饰件-电镀	1		PC	1	0
装配成品仓	ST2 装饰件总成-汝窑米	1	100.0000%	外购半成品仓	ST2 6H内侧装饰件-电镀	1		PC	1	0
装配成品仓	ST2 装饰件总成-汝窑米	1	100.0000%	外购半成品仓	ST2 装饰件-电镀	1		PC	1	0
装配成品仓	ST2 装饰件总成-层峦棕	1	100.0000%	外购半成品仓	ST2 装饰件-电镀	1		PC	1	0
装配成品仓	ST2 装饰件总成-层峦棕	1	100.0000%	外购半成品仓	ST2 左装饰件-喷漆-层峦棕	1		PC	1	0
装配成品仓	ST2 装饰件总成-层峦棕	1	100.0000%	外购半成品仓	ST2 右装饰件-喷漆-层峦棕	1		PC	1	0
装配成品仓	ST2 装饰件总成-层峦棕	1	100.0000%	外购半成品仓	ST2 6H外侧装饰件-电镀	1		PC	1	0
装配成品仓	ST2 装饰件总成-层峦棕	1	100.0000%	外购半成品仓	ST2 6H内侧装饰件-电镀	1		PC	1	0
自制成品仓	C121_MCM_主叶片1_CL-新	1	100.0000%	原材料仓	PA6 B3G10H	1		千克	0.0167	0
自制成品仓	C121_MCM_主叶片1_CR-新	1	100.0000%	原材料仓	PA6 B3G10H	1		千克	0.0163	0
自制成品仓	C121_MCM_主叶片2_CL-新	1	100.0000%	原材料仓	PA6 B3G10H	1		千克	0.0234	0
自制成品仓	C121_MCM_主叶片2_CR-新	1	100.0000%	原材料仓	PA6 B3G10H	1		千克	0.024	0
自制成品仓	C121_MCM_主叶片2_LH-新	1	100.0000%	原材料仓	PA6 B3G10H	1		千克	0.0112	0
自制成品仓	C121_MCM_主叶片1_LH-新	1	100.0000%	原材料仓	PA6 B3G10H	1		千克	0.0177	0
自制成品仓	C121_MCM_主叶片3_LH-新	1	100.0000%	原材料仓	PA6 B3G10H	1		千克	0.0152	0
自制成品仓	C121_MCM_主叶片2_RH-新	1	100.0000%	原材料仓	PA6 B3G10H	1		千克	0.0112	0
自制成品仓	C121_MCM_主叶片1_RH-新	1	100.0000%	原材料仓	PA6 B3G10H	1		千克	0.0176	0
自制成品仓	C121_MCM_主叶片3_RH-新	1	100.0000%	原材料仓	PA6 B3G10H	1		千克	0.0153	0
装配成品仓	UG装饰件总成-浅云银	1	100.0000%	外购半成品仓	UG喷漆件装饰件-浅云银	1		PC	1	0
装配成品仓	UG装饰件总成-浅云银	1	100.0000%	外购半成品仓	SK2哑光钛银装饰件-右	1		PC	1	0
装配成品仓	UG装饰件总成-浅云银	1	100.0000%	外购半成品仓	SK2哑光钛银装饰件-左	1		PC	1	0
自制成品仓	F2XU_左导流片_CTR	1	100.0000%	原材料仓	PA6-GF15.RB122 F15.black TX7.Polykemi	1		千克	0.0074	0
自制成品仓	F2XU_右导流片_CTR	1	100.0000%	原材料仓	PA6-GF15.RB122 F15.black TX7.Polykemi	1		千克	0.0074	0
自制成品仓	F2XU_主叶片_CTR	1	100.0000%	原材料仓	PA6-GF50.RB122 F50.black TX7.Polykemi	1		千克	0.0147	0
自制成品仓	F2XU_主叶片1_OL	1	100.0000%	原材料仓	PA6-GF15.RB122 F15.black TX7.Polykemi	1		千克	0.0056	0
自制成品仓	F2XU_主叶片3_OL	1	100.0000%	原材料仓	PA6-GF15.RB122 F15.black TX7.Polykemi	1		千克	0.0063	0
自制成品仓	F2XU_主叶片1_OR	1	100.0000%	原材料仓	PA6-GF15.RB122 F15.black TX7.Polykemi	1		千克	0.0056	0
自制成品仓	F2XU_主叶片3_OR	1	100.0000%	原材料仓	PA6-GF15.RB122 F15.black TX7.Polykemi	1		千克	0.0063	0
自制成品仓	F2XU_主叶片2_OL	1	100.0000%	原材料仓	PA6-GF50.RB122 F50.black TX7.Polykemi	1		千克	0.0089	0